episode, timestep, reward
95,200,-0.010526315789473684
208,400,0.008849557522123894
303,600,0.031578947368421054
608,1200,0.06229508196721312
1083,2200,-0.010526315789473684
1491,3000,0.061274509803921566
