episode, timestep, reward
206,400,-0.043689320388349516
310,600,-0.0673076923076923
408,800,-0.05102040816326531
596,1200,0.02127659574468085
